"module name","license","repository"
"@selderee/plugin-htmlparser2@0.11.0","MIT","https://github.com/mxxii/selderee"
"accepts@1.3.8","MIT","https://github.com/jshttp/accepts"
"array-flatten@1.1.1","MIT","https://github.com/blakeembrey/array-flatten"
"asynckit@0.4.0","MIT","https://github.com/alexindigo/asynckit"
"axios@1.13.2","MIT","https://github.com/axios/axios"
"bignumber.js@9.3.1","MIT","https://github.com/MikeMcl/bignumber.js"
"body-parser@1.20.3","MIT","https://github.com/expressjs/body-parser"
"bytes@3.1.2","MIT","https://github.com/visionmedia/bytes.js"
"call-bind-apply-helpers@1.0.2","MIT","https://github.com/ljharb/call-bind-apply-helpers"
"call-bound@1.0.4","MIT","https://github.com/ljharb/call-bound"
"combined-stream@1.0.8","MIT","https://github.com/felixge/node-combined-stream"
"content-disposition@0.5.4","MIT","https://github.com/jshttp/content-disposition"
"content-type@1.0.5","MIT","https://github.com/jshttp/content-type"
"cookie-signature@1.0.6","MIT","https://github.com/visionmedia/node-cookie-signature"
"cookie@0.7.1","MIT","https://github.com/jshttp/cookie"
"cors@2.8.5","MIT","https://github.com/expressjs/cors"
"ddsshare-email-service@1.0.0","Custom: https://api.mailjet.com/v3/REST/message/message-id",""
"debug@2.6.9","MIT","https://github.com/visionmedia/debug"
"deepmerge@4.3.1","MIT","https://github.com/TehShrike/deepmerge"
"delayed-stream@1.0.0","MIT","https://github.com/felixge/node-delayed-stream"
"depd@2.0.0","MIT","https://github.com/dougwilson/nodejs-depd"
"destroy@1.2.0","MIT","https://github.com/stream-utils/destroy"
"dom-serializer@2.0.0","MIT","https://github.com/cheeriojs/dom-serializer"
"domelementtype@2.3.0","BSD-2-Clause","https://github.com/fb55/domelementtype"
"domhandler@5.0.3","BSD-2-Clause","https://github.com/fb55/domhandler"
"domutils@3.2.2","BSD-2-Clause","https://github.com/fb55/domutils"
"dotenv@16.6.1","BSD-2-Clause","https://github.com/motdotla/dotenv"
"dunder-proto@1.0.1","MIT","https://github.com/es-shims/dunder-proto"
"ee-first@1.1.1","MIT","https://github.com/jonathanong/ee-first"
"encodeurl@1.0.2","MIT","https://github.com/pillarjs/encodeurl"
"encodeurl@2.0.0","MIT","https://github.com/pillarjs/encodeurl"
"entities@4.5.0","BSD-2-Clause","https://github.com/fb55/entities"
"es-define-property@1.0.1","MIT","https://github.com/ljharb/es-define-property"
"es-errors@1.3.0","MIT","https://github.com/ljharb/es-errors"
"es-object-atoms@1.1.1","MIT","https://github.com/ljharb/es-object-atoms"
"es-set-tostringtag@2.1.0","MIT","https://github.com/es-shims/es-set-tostringtag"
"escape-html@1.0.3","MIT","https://github.com/component/escape-html"
"etag@1.8.1","MIT","https://github.com/jshttp/etag"
"express@4.21.2","MIT","https://github.com/expressjs/express"
"finalhandler@1.3.1","MIT","https://github.com/pillarjs/finalhandler"
"follow-redirects@1.15.11","MIT","https://github.com/follow-redirects/follow-redirects"
"form-data@4.0.4","MIT","https://github.com/form-data/form-data"
"forwarded@0.2.0","MIT","https://github.com/jshttp/forwarded"
"fresh@0.5.2","MIT","https://github.com/jshttp/fresh"
"function-bind@1.1.2","MIT","https://github.com/Raynos/function-bind"
"get-intrinsic@1.3.0","MIT","https://github.com/ljharb/get-intrinsic"
"get-proto@1.0.1","MIT","https://github.com/ljharb/get-proto"
"gopd@1.2.0","MIT","https://github.com/ljharb/gopd"
"has-symbols@1.1.0","MIT","https://github.com/inspect-js/has-symbols"
"has-tostringtag@1.0.2","MIT","https://github.com/inspect-js/has-tostringtag"
"hasown@2.0.2","MIT","https://github.com/inspect-js/hasOwn"
"html-to-text@9.0.5","MIT","https://github.com/html-to-text/node-html-to-text"
"htmlparser2@8.0.2","MIT","https://github.com/fb55/htmlparser2"
"http-errors@2.0.0","MIT","https://github.com/jshttp/http-errors"
"iconv-lite@0.4.24","MIT","https://github.com/ashtuchkin/iconv-lite"
"inherits@2.0.4","ISC","https://github.com/isaacs/inherits"
"ipaddr.js@1.9.1","MIT","https://github.com/whitequark/ipaddr.js"
"json-bigint@1.0.0","MIT","https://github.com/sidorares/json-bigint"
"leac@0.6.0","MIT","https://github.com/mxxii/leac"
"math-intrinsics@1.1.0","MIT","https://github.com/es-shims/math-intrinsics"
"media-typer@0.3.0","MIT","https://github.com/jshttp/media-typer"
"merge-descriptors@1.0.3","MIT","https://github.com/sindresorhus/merge-descriptors"
"methods@1.1.2","MIT","https://github.com/jshttp/methods"
"mime-db@1.52.0","MIT","https://github.com/jshttp/mime-db"
"mime-types@2.1.35","MIT","https://github.com/jshttp/mime-types"
"mime@1.6.0","MIT","https://github.com/broofa/node-mime"
"ms@2.0.0","MIT","https://github.com/zeit/ms"
"ms@2.1.3","MIT","https://github.com/vercel/ms"
"negotiator@0.6.3","MIT","https://github.com/jshttp/negotiator"
"node-mailjet@6.0.11","MIT","https://github.com/mailjet/mailjet-apiv3-nodejs"
"nodemailer@6.10.1","MIT-0","https://github.com/nodemailer/nodemailer"
"object-assign@4.1.1","MIT","https://github.com/sindresorhus/object-assign"
"object-inspect@1.13.4","MIT","https://github.com/inspect-js/object-inspect"
"on-finished@2.4.1","MIT","https://github.com/jshttp/on-finished"
"parseley@0.12.1","MIT","https://github.com/mxxii/parseley"
"parseurl@1.3.3","MIT","https://github.com/pillarjs/parseurl"
"path-to-regexp@0.1.12","MIT","https://github.com/pillarjs/path-to-regexp"
"peberminta@0.9.0","MIT","https://github.com/mxxii/peberminta"
"proxy-addr@2.0.7","MIT","https://github.com/jshttp/proxy-addr"
"proxy-from-env@1.1.0","MIT","https://github.com/Rob--W/proxy-from-env"
"qs@6.13.0","BSD-3-Clause","https://github.com/ljharb/qs"
"range-parser@1.2.1","MIT","https://github.com/jshttp/range-parser"
"raw-body@2.5.2","MIT","https://github.com/stream-utils/raw-body"
"safe-buffer@5.2.1","MIT","https://github.com/feross/safe-buffer"
"safer-buffer@2.1.2","MIT","https://github.com/ChALkeR/safer-buffer"
"selderee@0.11.0","MIT","https://github.com/mxxii/selderee"
"send@0.19.0","MIT","https://github.com/pillarjs/send"
"serve-static@1.16.2","MIT","https://github.com/expressjs/serve-static"
"setprototypeof@1.2.0","ISC","https://github.com/wesleytodd/setprototypeof"
"side-channel-list@1.0.0","MIT","https://github.com/ljharb/side-channel-list"
"side-channel-map@1.0.1","MIT","https://github.com/ljharb/side-channel-map"
"side-channel-weakmap@1.0.2","MIT","https://github.com/ljharb/side-channel-weakmap"
"side-channel@1.1.0","MIT","https://github.com/ljharb/side-channel"
"statuses@2.0.1","MIT","https://github.com/jshttp/statuses"
"toidentifier@1.0.1","MIT","https://github.com/component/toidentifier"
"type-is@1.6.18","MIT","https://github.com/jshttp/type-is"
"unpipe@1.0.0","MIT","https://github.com/stream-utils/unpipe"
"url-join@4.0.1","MIT","https://github.com/jfromaniello/url-join"
"utils-merge@1.0.1","MIT","https://github.com/jaredhanson/utils-merge"
"vary@1.1.2","MIT","https://github.com/jshttp/vary"
